model_name,pred_true,pred_false,actual_true,actual_false,accuracy,precision,recall,f1,sensitivity,specificity,informedness,matthews_correlation,cohen_kappa,roc_auc,tn,fp,fn,tp,num_filters,kernel_size,dilation,vocab_size,embedding_dim,maxlen,validation_set_size,rank
Cannabinoid,1502,317,1504,315,0.9747113798790544,0.985352862849534,0.9840425531914894,0.9846972721224218,0.9840425531914894,0.9301587301587302,0.9142012833502196,0.911919335512474,0.9119126474632012,0.95710064167511,293,22,24,1480,"[32, 64, 128]",3,1,8852,32,120,0.2,1
Intoxication,344,1475,338,1481,0.9681143485431556,0.9069767441860463,0.9230769230769232,0.9149560117302052,0.9230769230769232,0.9783929777177582,0.9014699007946814,0.8953892554130379,0.8953367711162742,0.9507349503973408,1449,32,26,312,"[16, 32, 64]",3,2,8852,64,120,0.2,1
Medical,163,1656,156,1663,0.9862561847168774,0.901840490797546,0.9423076923076924,0.9216300940438872,0.9423076923076924,0.9903788334335538,0.932686525741246,0.9143661879276158,0.9141016801881358,0.966343262870623,1647,16,9,147,"[16, 32, 64]",3,2,8852,64,100,0.2,1
Wellness,448,1371,455,1364,0.9675645959318306,0.9419642857142856,0.9274725274725276,0.9346622369878184,0.9274725274725276,0.9809384164222874,0.9084109438948148,0.9131402929471844,0.913091749218748,0.9542054719474076,1338,26,33,422,"[32, 64, 128]",3,1,8852,64,120,0.2,1
Commoditization,910,909,878,941,0.94282572842221,0.9252747252747252,0.958997722095672,0.941834451901566,0.958997722095672,0.9277364505844846,0.8867341726801565,0.8862023092735105,0.885653634040372,0.9433670863400784,873,68,36,842,"[16, 32, 64]",3,2,8852,64,120,0.2,1
Medical_undersampled,157,135,155,137,0.952054794520548,0.9490445859872612,0.9612903225806452,0.9551282051282052,0.9612903225806452,0.9416058394160584,0.9028961619967036,0.903747750171852,0.9036621577037282,0.951448080998352,129,8,6,149,"[16, 32, 64]",3,2,4970,16,120,0.2,1
