model_name,pred_true,pred_false,actual_true,actual_false,accuracy,precision,recall,f1,sensitivity,specificity,informedness,matthews_correlation,cohen_kappa,roc_auc,tn,fp,fn,tp,num_filters,kernel_size,dilation,vocab_size,embedding_dim,maxlen,validation_set_size,rank
Cannabinoid,1503,316,1504,315,0.9752611324903794,0.9853626081170992,0.9847074468085106,0.9850349185234454,0.9847074468085106,0.9301587301587302,0.9148661769672408,0.9137212710847696,0.9137195915712828,0.9574330884836204,293,22,23,1481,"[64, 128, 256]",3,1,8852,64,120,0.2,1
Intoxication,335,1484,338,1481,0.97086311159978,0.9253731343283582,0.9171597633136096,0.9212481426448736,0.9171597633136096,0.9831195138419988,0.9002792771556081,0.9033868800334592,0.903373367664702,0.950139638577804,1456,25,28,310,"[16, 32, 64]",5,1,8852,64,100,0.2,1
Medical,167,1652,156,1663,0.9873556899395272,0.8982035928143712,0.9615384615384616,0.9287925696594428,0.9615384615384616,0.9897775105231508,0.9513159720616124,0.9225076049831592,0.92186323965837,0.9756579860308062,1646,17,6,150,"[32, 64, 128]",3,2,8852,64,100,0.2,1
Wellness,461,1358,455,1364,0.9692138537658054,0.9327548806941433,0.945054945054945,0.9388646288209608,0.945054945054945,0.9772727272727272,0.9223276723276724,0.9183278909389936,0.9182927005343732,0.9611638361638364,1333,31,25,430,"[32, 64, 128]",3,1,8852,32,100,0.2,1
Commoditization,900,919,878,941,0.9461242440901594,0.9333333333333332,0.9567198177676538,0.9448818897637796,0.9567198177676538,0.9362380446333688,0.8929578624010226,0.8924708186889444,0.8922094931496413,0.9464789312005112,881,60,38,840,"[16, 32, 64]",3,1,8852,64,100,0.2,1
Medical_undersampled,208,1611,156,1663,0.9637163276525564,0.7163461538461539,0.9551282051282052,0.8186813186813187,0.9551282051282052,0.9645219482862296,0.9196501534144348,0.8091920991583181,0.7989786008506078,0.9598250767072176,1604,59,7,149,"[64, 128, 256]",3,1,4970,32,140,0.2,1
