model_name,pred_true,pred_false,actual_true,actual_false,accuracy,precision,recall,f1,sensitivity,specificity,informedness,matthews_correlation,cohen_kappa,roc_auc,tn,fp,fn,tp,num_filters,kernel_size,dilation,vocab_size,embedding_dim,maxlen,validation_set_size,rank
Cannabinoid,4709,868,4679,898,0.966290120136274,0.9768528349968146,0.9831160504381278,0.97997443544951,0.9831160504381278,0.878619153674833,0.8617352041129607,0.8737039888830235,0.873526034932945,0.9308676020564804,789,109,79,4600,"[32, 64, 128]",3,1,8852,16,140,0.2,1
Intoxication,941,4636,950,4627,0.9743589743589745,0.9287991498405952,0.92,0.9243786356425172,0.92,0.985519775232332,0.905519775232332,0.9089562205741364,0.9089412935775552,0.952759887616166,4560,67,76,874,"[16, 32, 64]",3,2,8852,64,120,0.2,1
Medical,464,5113,457,5120,0.987269141115295,0.915948275862069,0.9299781181619255,0.9229098805646035,0.9299781181619255,0.9923828125,0.9223609306619256,0.9160034148699177,0.9159719806863752,0.9611804653309628,5081,39,32,425,"[16, 32, 64]",7,2,8852,64,100,0.2,1
Wellness,1279,4298,1254,4323,0.965034965034965,0.9139953088350272,0.9322169059011164,0.923016186340308,0.9322169059011164,0.9745547073791349,0.9067716132802512,0.9004732670628307,0.9003998513024635,0.9533858066401256,4213,110,85,1169,"[32, 64, 128]",3,1,8852,64,120,0.2,1
Commoditization,3264,2313,3192,2385,0.9544558006096469,0.950061274509804,0.9714912280701754,0.9606567534076828,0.9714912280701754,0.9316561844863732,0.9031474125565486,0.9069250208086216,0.9066071561372112,0.9515737062782744,2222,163,91,3101,"[32, 64, 128]",3,1,8852,16,140,0.2,1
Medical_undersampled,601,4976,457,5120,0.9630625784471938,0.7088186356073212,0.9321663019693656,0.8052930056710776,0.9321663019693656,0.9658203125,0.8979866144693656,0.7943017542950361,0.7853056687606705,0.9489933072346828,4945,175,31,426,"[64, 128, 256]",7,1,4865,32,140,0.2,1
