model_name,pred_true,pred_false,actual_true,actual_false,accuracy,precision,recall,f1,sensitivity,specificity,informedness,matthews_correlation,cohen_kappa,roc_auc,tn,fp,fn,tp,num_filters,kernel_size,dilation,vocab_size,embedding_dim,maxlen,validation_set_size,rank
Cannabinoid,4621,956,4679,898,0.9680831988524295,0.9870157974464402,0.9747809360974568,0.9808602150537636,0.9747809360974568,0.933184855233853,0.9079657913313096,0.8854973112247865,0.8848740464504379,0.9539828956656548,838,60,118,4561,"[32, 64, 128]",3,1,8852,64,140,0.2,1
Intoxication,939,4638,950,4627,0.9725658956428188,0.9243876464323748,0.9136842105263158,0.919004764425622,0.9136842105263158,0.9846552842014265,0.8983394947277423,0.9025138547253766,0.9024916770970784,0.9491697473638712,4556,71,82,868,"[16, 32, 64]",3,2,8852,64,120,0.2,1
Medical,453,5124,457,5120,0.9874484489869104,0.9271523178807948,0.9190371991247264,0.9230769230769232,0.9190371991247264,0.9935546875,0.9125918866247263,0.9162542927064492,0.9162437985783394,0.9562959433123632,5087,33,37,420,"[32, 64, 128]",3,2,8852,64,100,0.2,1
Wellness,1274,4303,1254,4323,0.9670073516227362,0.9199372056514914,0.934609250398724,0.9272151898734178,0.934609250398724,0.9764052741151976,0.9110145245139218,0.9059334594786406,0.9058860560276992,0.9555072622569608,4221,102,82,1172,"[32, 64, 128]",5,1,8852,64,120,0.2,1
Commoditization,3314,2263,3192,2385,0.95230410615026,0.9414604707302352,0.9774436090225564,0.9591146633876422,0.9774436090225564,0.9186582809224318,0.8961018899449882,0.9028477026472184,0.9019340155662056,0.9480509449724942,2191,194,72,3120,"[32, 64, 128]",3,2,8852,64,120,0.2,1
Medical_undersampled,588,4989,457,5120,0.9661108122646584,0.7278911564625851,0.936542669584245,0.8191387559808612,0.936542669584245,0.96875,0.9052926695842451,0.808512370785578,0.8007661987932029,0.9526463347921226,4960,160,29,428,"[64, 128, 256]",3,1,4970,32,140,0.2,1
