model_name,pred_true,pred_false,actual_true,actual_false,accuracy,precision,recall,f1,sensitivity,specificity,informedness,matthews_correlation,cohen_kappa,roc_auc,tn,fp,fn,tp,num_filters,kernel_size,dilation,vocab_size,embedding_dim,maxlen,validation_set_size,rank
Cannabinoid,4619,958,4679,898,0.9673659673659674,0.9867936782853431,0.9741397734558668,0.9804258980425898,0.9741397734558668,0.9320712694877504,0.9062110429436172,0.8830540879916922,0.8823900878111,0.9531055214718086,837,61,121,4558,"[32, 64, 128]",3,1,8852,64,140,0.2,1
Intoxication,952,4625,950,4627,0.9738210507441276,0.9222689075630252,0.9242105263157896,0.9232386961093586,0.9242105263157896,0.9840069159282472,0.9082174422440368,0.9074590744986328,0.9074583453332749,0.9541087211220184,4553,74,72,878,"[16, 32, 64]",3,2,8852,64,120,0.2,1
Medical,433,5144,457,5120,0.9878070647301416,0.9491916859122402,0.899343544857768,0.9235955056179777,0.899343544857768,0.995703125,0.8950466698577682,0.917369577088116,0.9169756432463296,0.947523334928884,5098,22,46,411,"[64, 128, 256]",7,1,8852,32,100,0.2,1
Wellness,1248,4329,1254,4323,0.9652142729065806,0.9246794871794872,0.920255183413078,0.9224620303756994,0.920255183413078,0.9782558408512608,0.8985110242643388,0.9000439365529513,0.9000396353547364,0.9492555121321696,4229,94,100,1154,"[32, 64, 128]",3,1,8852,32,100,0.2,1
Commoditization,3270,2307,3192,2385,0.9526627218934912,0.9477064220183486,0.9708646616541352,0.959145775301764,0.9708646616541352,0.9283018867924528,0.8991665484465883,0.9032710702434128,0.9028992750328532,0.949583274223294,2214,171,93,3099,"[64, 128, 256]",5,1,8852,16,120,0.2,1
Medical_undersampled,575,5002,457,5120,0.9680831988524295,0.7426086956521739,0.9343544857768052,0.8275193798449613,0.9343544857768052,0.97109375,0.9054482357768052,0.8166781594624639,0.8101869361522962,0.9527241178884028,4972,148,30,427,"[64, 128, 256]",3,1,4970,32,140,0.2,1
