model_name,pred_true,pred_false,actual_true,actual_false,accuracy,precision,recall,f1,sensitivity,specificity,informedness,matthews_correlation,cohen_kappa,roc_auc,tn,fp,fn,tp,num_filters,kernel_size,dilation,vocab_size,embedding_dim,maxlen,validation_set_size,rank
Cannabinoid,1510,309,1504,315,0.976910390324354,0.9841059602649008,0.988031914893617,0.9860650298606504,0.988031914893617,0.923809523809524,0.9118414387031408,0.9188207755772884,0.9187588926249434,0.9559207193515704,291,24,18,1486,"[64, 128, 256]",3,1,8852,64,120,0.2,1
Intoxication,346,1473,338,1481,0.9692138537658054,0.907514450867052,0.9289940828402368,0.9181286549707602,0.9289940828402368,0.9783929777177582,0.907387060557995,0.8992677907204102,0.8991745026229833,0.9536935302789976,1449,32,24,314,"[16, 32, 64]",7,1,8852,16,100,0.2,1
Medical,170,1649,156,1663,0.9857064321055524,0.8823529411764706,0.9615384615384616,0.920245398773006,0.9615384615384616,0.9879735417919424,0.949512003330404,0.9134275253364668,0.9124110572382093,0.974756001665202,1643,20,6,150,"[32, 64, 128]",3,2,8852,64,100,0.2,1
Wellness,439,1380,455,1364,0.9670148433205058,0.9498861047835992,0.9164835164835164,0.9328859060402684,0.9164835164835164,0.9838709677419356,0.9003544842254518,0.9112858190984195,0.9110293014732256,0.950177242112726,1342,22,38,417,"[32, 64, 128]",3,1,8852,32,100,0.2,1
Commoditization,900,919,878,941,0.9461242440901594,0.9333333333333332,0.9567198177676538,0.9448818897637796,0.9567198177676538,0.9362380446333688,0.8929578624010226,0.8924708186889444,0.8922094931496413,0.9464789312005112,881,60,38,840,"[16, 32, 64]",3,1,8852,64,100,0.2,1
Medical_undersampled,207,1612,156,1663,0.9631665750412316,0.714975845410628,0.9487179487179488,0.8154269972451791,0.9487179487179488,0.9645219482862296,0.9132398970041784,0.805240497924501,0.7954165848319577,0.9566199485020892,1604,59,8,148,"[64, 128, 256]",3,1,4970,32,140,0.2,1
